sku,producto,cera_g,costo_cera,fragancia_g,costo_fragancia,colorante,mecha,contenedor_o_base,etiqueta,empaque,mano_obra,merma_5pct,costo_unitario,precio_menudeo,margen_menudeo_pct
EV-OSO,Oso de Ternura,,,,,,,,,,,,,87,
EV-JIR,Jirafa Africana,,,,,,,,,,,,,45,
EV-ELE,Elefante Safari,,,,,,,,,,,,,57,
EV-DIN,Dino T-Rex,,,,,,,,,,,,,57,
EV-ANG,Ángeles Divinos,,,,,,,,,,,,,57,
EV-FLO,Flowers On,,,,,,,,,,,,,77,
EV-BUN,Bunny Happy,,,,,,,,,,,,,87,
EV-GLO,Glowing Glass,,,,,,,,,,,,,74,
EV-LMM,Lume Soja Mini,,,,,,,,,,,,,52,
EV-LMS,Lume Soja,,,,,,,,,,,,,88,
EV-PRE,Paquete Recuerdos,,,,,,,,,,,,,115,
NV-VEN,Venado,,,,,,,,,,,,,78,
NV-NAC,Nacimiento,,,,,,,,,,,,,65,
NV-PIN,Pino,,,,,,,,,,,,,87,
NV-ARB,Árbol Navideño,,,,,,,,,,,,,85,
NV-BOR,Borrego,,,,,,,,,,,,,57,
NV-B12,Borregos de la Abundancia 12 pzs,,,,,,,,,,,,,385,
NV-ROM,Rompecabezas Navideño,,,,,,,,,,,,,375,
